rank,address,raw_balance,tokens,inbound_events,balance_verified,account_type,role,known_remaining_tokens,unknown_remaining_tokens,remaining_cost_coverage_pct,known_remaining_avg_usd,known_remaining_avg_eth,full_balance_avg_usd,lifetime_priced_buys_tokens,lifetime_buy_avg_usd,lifetime_buy_avg_eth,priced_buy_transactions,inbound_transactions,unknown_incoming_tokens,estimated_known_remaining_cost_usd
3,0xfc90fd5e560471fab35e3703bf5ea4c54acee766,35396567309343063040120896,35396567.309343063040120896,215,True,delegated_EOA,delegated_EOA,24766929.374791186966105131729989908259792492394733872822140277852,10629637.934551876074015764270010091740207507605266127177859722148,69.969862213881566505395133544006742351655647168698600986133858249,0.0027665634026449086882621177673602021644816011428218690869462101518,0.0000011162715371483978730245827057134702128860756588122884920587191491,,40055160.677274287637057526467888803715262416242325433195422225052,0.0019071104024730743379258803830300726660989490369704622005702525271,7.6906929548641471750087917272433654757122587786377357691968971728E-7,99,215,14260456.321859790144621200532111196284737583757674566804577774948,68519.280404188447187942968820940660582132095463410629574365291699
4,0x0c175c6a0065ee05f871a68783d2de432a1e6cbe,28261709084288612719213630,28261709.08428861271921363,22,True,delegated_EOA,delegated_EOA,4793636.4669403989002880310000000000000000000005792235563396618204,23468072.61734821381892559899999999999999999999942077644366033818,16.961594405503595981507344468801763651501469767927819465444964456,0.0015512544842216103901582701192603661505547556952321908565161751481,6.2395693446461837016623900741269895452249087693887252390473067945E-7,,4793636.4669403989002880310000000000000000000005792235563396618204,0.0015512544842216103901582701192603661505547556952321908565161751481,6.2395693446461837016623900741269895452249087693887252390473067945E-7,10,22,23468072.61734821381892559899999999999999999999942077644366033818,7436.1500650695312025360503026429028361543168735843447342819242566
5,0xd1c77a04b87393e98a1220532e72e8f7d0a31c5a,21445831056752343904962018,21445831.056752343904962018,38,True,delegated_EOA,delegated_EOA,21424454.6391338282628975974783750212851114134203251816945918759,21376.4176185156420644205216249787148885865796748183054081241,99.900323668679721537851870972744356015009045701435222643302372197,0.0023735839629047392798498582214931683243048679470366643729965205348,9.6236910235181463614737047224541806547814064272499100411286850709E-7,,21424454.6391338282628975974783750212851114134203251816945918759,0.0023735839629047392798498582214931683243048679470366643729965205348,9.6236910235181463614737047224541806547814064272499100411286850709E-7,37,38,21376.417618515642064420521624978714888586579674818305408124100238,50852.741945428097997861950906161721799119272023212561076730346936
6,0xfa14f95ecda2b05f0b138428d5bd8f096daf9c3e,20001718618311373490285356,20001718.618311373490285356,6,True,contract,smart_wallet,19363618.670997456855267141986791997134283421234648198941316940223,638099.947313916635018214013208002865716578765351801058683059777,96.809774402436886045053426667610235785395598187813472281821673992,0.0022152090910194194371099829370940624944346190130816512370863333088,8.8441990035963607962727114574481569138657473024753591584883502011E-7,,25786064.083140968031272922052163965775412160895958583967108638828,0.0022152090910194194371099829370940624944346190130816512370863333089,8.8441990035963607962727114574481569138657473024753591584883502011E-7,6,6,849742.3137923190916424339478360342245878391040414160328913611723,42894.464115026935038671170657496239657840991801274105227747671527
7,0x6910c590d8503a1f3ef5ea9b64a5d7c7f3b5feda,19706594567838681398546579,19706594.567838681398546579,15,True,delegated_EOA,delegated_EOA,19706594.567838681398546579,0,100,0.012715238045471784448934669867720371871207510011607733930926265646,0.0000050744434638748184816640481557211367941941899858638358940438565783,0.012715238045471784448934669867720371871207510011607733930926265646,19706594.567838681398546579,0.012715238045471784448934669867720371871207510011607733930926265646,0.0000050744434638748184816640481557211367941941899858638358940438565783,15,15,0,250574.04099567
8,0x211f3727fac8a702302a562616c75b882b6c3545,19594754225730622156772053,19594754.225730622156772053,2,True,EOA,EOA,0,19594754.225730622156772053,0,,,,0,,,0,2,19594754.225730622156772053,0
9,0xf4bf536e2f670761dc7186aafe070b91a1a70540,19587469247091839939558769,19587469.247091839939558769,2,True,EOA,EOA,0,19587469.247091839939558769,0,,,,0,,,0,2,19587469.247091839939558769,0
10,0x2408ce75d217e3a70d6ca370c78c1b34d706f5a0,15460801450642355811466159,15460801.450642355811466159,12,True,delegated_EOA,delegated_EOA,11177103.411260249369486212000000000000000000000,4283698.039382106441979947000000000000000000000,72.293169580777909759593993371338801826576879262680849112559834967,0.0021090209290483041311536729088846335032995151040922427367213128375,8.5366087567171733751362604710570497576937922240903025856128565122E-7,,11177103.411260249369486212000000000000000000000,0.0021090209290483041311536729088846335032995151040922427367213128375,8.5366087567171733751362604710570497576937922240903025856128565122E-7,2,12,4283698.0393821064419799470000000000000000000000,23572.745020485060455101155039680000000000000000000000000000000000
12,0x211c8e97a504d2d142bc945334d4a88bd3270b4d,13567934148064073508784946,13567934.148064073508784946,137,True,delegated_EOA,delegated_EOA,12377180.217534157297128582100488777348054816592527208588955468359,1190753.930529916211656363899511222651945183407472791411044531641,91.223763930931093952508314941633979928891733527781222023584133545,0.0049785269689333406426565852118124841971364017764705007946874548782,0.0000020256470573650193796755911966811195999046145813102940697719621777,,44053996.591894956253819948941469049426206004123305702291486920522,0.0021864104533665064724370316818651511781011512149078959497771859586,8.8993543027346404393024192198092790907856024830650818505572024964E-7,41,137,1810970.24369619409103839405853095057379399587669429770851307948,61620.125512342033903418338474287393483356484965595767239737778154
13,0x7e3ba68c49561aae7c23c1d20fef0f1d7615a3ad,12388594070091431536344467,12388594.070091431536344467,7,True,EOA,EOA,12033190.578088194546958085965141085115803924341259785543931040792,355403.492003236989386381034858914884196075658740214456068959208,97.131203993024092966163235983995751396499657829907682265187267165,0.019713576170793087298531071566477269579721784207827451597221250090,0.0000079025664887163112435308437695562834024907844059453626094013558600,,16192129.016524810308378478943839447363683970409488094894770265451,0.019868786436299228182167401637975547149377170170321890922629283831,0.0000079651777544591036192555373901335437051915451116614829123804289904,7,7,437789.053566621227965988056160552636316029590511905105229734549,237217.21903881132678752237906018688731828137608483182827501822356
14,0xcdb95f2acdb4917372259648a7342a524ea6fc73,10022354532487607823137007,10022354.532487607823137007,11,True,EOA,EOA,0E-3345,10022354.532487607823137007000000000000000000000,0E-3345,,,,0E-3345,,,0,11,10022354.532487607823137007000000000000000000000,0E-3345
15,0x2bb2173427bb17b78adaa3d5fad9716328c3d262,9503093973055988208475839,9503093.973055988208475839,129,True,delegated_EOA,delegated_EOA,8502029.3234290595597932015176182830438092897303269997041099495241,1001064.6496269286486826374823817169561907102696730002958900504759,89.465908129865540588132094293112009551865810772644034243753262523,0.0072776558638027067762773064166294639762956383892397965449824346124,0.0000029247287008320226209609490522430716670812883354750107558945430637,,27144863.568991680076627281962281767513580853501264394522560280001,0.0027996574313495935294158405539863305580703650430209365425075745679,0.0000011259046527520313092872739865253689198174802302168260507637415515,85,129,1198997.1463035518611944440377182324864191464987356054774397199992,61874.843559876055119930061041947513927982404893444409695237244191
16,0x489618a8169bd69a0069d2f9ba16c0e180a23a18,9411000933221830925700724,9411000.933221830925700724,1,True,EOA,EOA,9411000.9332218309257007240000000000000000000000,0,100.0000000000000000000000000000000000000000,0.00011489946311964358342043953575911883578720502856091712636161960898,4.5481667433137639032239555752393227614807824315997232405350755109E-8,0.00011489946311964358342043953575911883578720502856091712636161960898,26755928.958047189079439661,0.00011489946311964358342043953575911883578720502856091712636161960897,4.5481667433137639032239555752393227614807824315997232405350755110E-8,1,1,0,1081.3189546456531084635665354746741233239802950319543052633541569
17,0x98e8118481aa01872142a7c447dbccd0528df831,9357430750969246039577928,9357430.750969246039577928,2,True,EOA,EOA,317449.27986924603957792800000000000000000000000,9039981.4711000000000000000000000000000000000000,3.3924833463113208623046957497372983700848611739905117481973781121,0.0038089545547415823185995310231976568597096416635478950331254265294,0.0000015435536669096422429197113590710325221374823603445952743342629459,,317449.27986924603957792800000000000000000000000,0.0038089545547415823185995310231976568597096416635478950331254265294,0.0000015435536669096422429197113590710325221374823603445952743342629459,1,2,9039981.4711000000000000000000000000000000000000,1209.1498804574000000000000000000000000000000000000000000000000000
18,0x33dcea75de7cde9aabbc76482b35964e600ae359,9248508129929880521846933,9248508.129929880521846933,53,True,delegated_EOA,delegated_EOA,8471427.5427062099162960492238654253521771924241891237496275032883,777080.5872236706055508837761345746478228075758108762503724967117,91.597773648390984300060603413732117559517410827723422651128111694,0.0060444371126550980978579210796141367245420537082686680790541531127,0.0000024362138096877710675064494888088733577231636672543285440352235650,,8637904.2318699377035892800802953183012854852999687754956144488116,0.0060101610723339526236794926739941082779389115248563168636339699972,0.0000024225791202280833441236198413111109616664152967958322766242271126,52,53,777240.81797843831825765291970468169871451470003122450438555118844,51205.011036301996200290294117270489182200195820920159420819420812
20,0x16d1ff31d9302109a64f3bd66526e063f468eb87,9055444534541629020448244,9055444.534541629020448244,42,True,EOA,EOA,5702316.4147151949414848124014325630162629538906709326866329239238,3353128.1198264340789634315985674369837370461093290673133670760762,62.971137341341314510643183847136869692628396505534957321326081451,0.014190903268380497955724291764284686411683459165285353811795752262,0.0000055237041938002561509630741357510910639011852463630812371946318989,,5702316.4147151949414848124014325630162629538906709326866329239238,0.014190903268380497955724291764284686411683459165285353811795752262,0.0000055237041938002561509630741357510910639011852463630812371946318989,34,37,3353128.1198264340789634315985674369837370461093290673133670760762,80921.020646921622923066097479041198271566487218045691093193048963
21,0xddd24286c8bf7b327c152021f0413d7a779347df,8450603787497029978669907,8450603.787497029978669907,2,True,EOA,EOA,0E-65,8450603.7874970299786699070000000000000000000000,0E-65,,,,0E-65,,,0,2,8450603.7874970299786699070000000000000000000000,0E-65
22,0x174c2a6113e38cd74ddd98b307bbaf493ccfb251,8448549028240221139438996,8448549.028240221139438996,8,True,delegated_EOA,delegated_EOA,217095.24294949143474167844638429188137912267168541571517483539136,8231453.7852907297046973175536157081186208773283145842848251646086,2.5696157082574330372708705729176920252269658177524584434384654272,0.0052691335018457186644600597826390877895468546788332580467878767568,0.0000021770798845625186721520913822249690154661787291773462877401589908,,217095.24294949143474167844638429188137912267168541571517483539136,0.0052691335018457186644600597826390877895468546788332580467878767568,0.0000021770798845625186721520913822249690154661787291773462877401589908,7,8,8231453.7852907297046973175536157081186208773283145842848251646086,1143.9038177165008686378092887656031385466239932927715238662922037
23,0x9201f9ff0c4828084a98d806b6f4fa9c272d05ee,8347184272712373625174433,8347184.272712373625174433,1,True,EOA,EOA,8347184.2727123736251744330000000000000000000000,0,100.0000000000000000000000000000000000000000,0.00022483382126949217039333835312587926803183496592756698454939966019,8.8811188454886999391593895699983644789616645645724598169424942590E-8,0.00022483382126949217039333835312587926803183496592756698454939966019,11403186.376377611137759871,0.00022483382126949217039333835312587926803183496592756698454939966018,8.8811188454886999391593895699983644789616645645724598169424942595E-8,1,1,0,1876.7293368745298024539866320644429085122391073212344130973852994
24,0x36f2e36315a80938c573c690115ba2304a0d0ae4,8194084978419963833533574,8194084.978419963833533574,1,True,EOA,EOA,8194084.9784199638335335740000000000000000000000,0,100.0000000000000000000000000000000000000000,0.00012481039041856716069342579190432201784398693512051251348581406630,4.9578654492555439919454832589807029130997683415324386206161715694E-8,0.00012481039041856716069342579190432201784398693512051251348581406630,11437670.837804656815233583,0.00012481039041856716069342579190432201784398693512051251348581406631,4.9578654492555439919454832589807029130997683415324386206161715696E-8,1,1,0,1022.7069452795121537471158632308936473590947100688640720393516938
25,0x55f6840b44153c45e646d70737376cb3238c3f0c,7828908771101474372839009,7828908.771101474372839009,1,True,EOA,EOA,7828908.771101474372839009,0,100,0.00013785529292075463307047498936616918904374536019777518160016035480,5.4760504432100316034760043792353336688213461004101972384731084667E-8,0.00013785529292075463307047498936616918904374536019777518160016035480,7828908.771101474372839009,0.00013785529292075463307047498936616918904374536019777518160016035480,5.4760504432100316034760043792353336688213461004101972384731084667E-8,1,1,0,1079.2565118900589341759997590
26,0xac90c496a291dcda0e789b491fe175beb7bb5b46,7744801096168099973185483,7744801.096168099973185483,2,True,EOA,EOA,0E-65,7744801.0961680999731854830000000000000000000000,0E-65,,,,0E-65,,,0,2,21628438.567044968632968799000000000000000000000,0E-65
27,0xc2ca2eb6455d95fdc6b3cd717b442791c900ab01,7588759456097747501328047,7588759.456097747501328047,1,True,EOA,EOA,7588759.4560977475013280470000000000000000000000,0,100.0000000000000000000000000000000000000000,0.00011813506447695350140281134073035090576335287716467968616686284378,4.6927002836194446123429649262348388318053575476509201868246657554E-8,0.00011813506447695350140281134073035090576335287716467968616686284378,10487895.090795388133930088,0.00011813506447695350140281134073035090576335287716467968616686284379,4.6927002836194446123429649262348388318053575476509201868246657553E-8,1,1,0,896.49858764619798521474375730328435051534841263229310231685082570
28,0x2ff852bc2a42c0b75576c47d647ff71b6517a801,7243602528278726383009448,7243602.528278726383009448,19,True,delegated_EOA,delegated_EOA,7214312.3552888777264193034636455793957328004024567332124929931094,29290.1729898486565901445363544206042671995975432667875070068906,99.595640803377863076102874869499771850907906670908035680718698447,0.0019272750653534131989563647370145181503921144776026033360318019309,7.9068561965811203563021953550011598639020731622390393131506596289E-7,,14585764.515975998214690138447031719649192167594292756918317631563,0.0016539469622188580551685276132003321261415409916081484271009732578,6.7675065714364140083409809077796346178716330836137261939604793887E-7,19,19,51179.739923317646229864552968280350807832405707243081682368437984,13903.964316019308121714883729683510870494983220438176382200736181
29,0x1b72ee84b5675809d3b061a0046798cd61b31de1,7228889070669344868787581,7228889.070669344868787581,3,True,delegated_EOA,delegated_EOA,1437116.8452955432945883029032578649037519534047840358059239714675,5791772.2253738015741992780967421350962480465952159641940760285325,19.880189490339990323429658425874520776112313170721368647671706362,0.0021918180780516785901883570313536281579552698380396059008929954901,8.9102723277298450463167596435908499084329671152608500509805639224E-7,,2132948.8661366413765524610000000000000000000000023753830157059777,0.0018330619722362889946441590452407528764423808150925003786847557207,7.4491366723568515875343625181389757721392202418712576063023489585E-7,2,3,9716008.7192000000000000019999999999999999999999976246169842940223,3149.8986817913692184111347441369113515274969388704523295248291573
30,0xc41ff324a9e61417833041c2ccb508683a079bb1,7227890570432036409821025,7227890.570432036409821025,66,True,delegated_EOA,delegated_EOA,7089393.6164440815071074013257554651324349284353518070217006130589,138496.9539879549027136236742445348675650715646481929782993869411,98.083853751819094664903558116860539224531891330490200672315490148,0.0021366323025055914551464853302917370403613518792511481795820502208,8.6845520318192398458744759760854985682812700822387429720604303558E-7,,52090108.967614609836751087597166876200584387193800901006625264123,0.0012068958443555577264511369595043042266463549287348773281926740822,4.9321726061546112651549475750133778257392216952160207799476546112E-7,65,66,157528.535457554023159314402833123799415612806199098993374735879,15147.427406071359759450683516676718650286392997641674263315487710
31,0x0aad4023639ac5d948967a5ebadc6aa5f01cafda,6875555389722429181774626,6875555.389722429181774626,1,True,EOA,EOA,6875555.3897224291817746260000000000000000000000,0,100.0000000000000000000000000000000000000000,0.00016936816915964996813826856945696918905032072911638861679576456294,6.7278420591766696003340562608381677373846870850234783756980228895E-8,0.00016936816915964996813826856945696918905032072911638861679576456294,10093930.840366988521873795,0.00016936816915964996813826856945696918905032072911638861679576456293,6.7278420591766696003340562608381677373846870850234783756980228893E-8,1,1,0,1164.5002283130514476514231319914537849918067761266265495885441803
32,0x67d3c99e9d79462b6b3d38471894642ab08b61fe,6807493252410180490642858,6807493.252410180490642858,1,True,EOA,EOA,6807493.2524101804906428580000000000000000000000,0,100.0000000000000000000000000000000000000000,0.00013001089727943488302987986333336091632501565685630986629304921004,5.1563461929354823646224023369239888753505582712709031289579390174E-8,0.00013001089727943488302987986333336091632501565685630986629304921004,20810534.622072522504262302,0.00013001089727943488302987986333336091632501565685630986629304921004,5.1563461929354823646224023369239888753505582712709031289579390176E-8,1,1,0,885.04830596954605823431329666008842138111424603147860174481470756
33,0x7c4974927680254e9b2dd5e431d924c49b3ded64,6513371323549508740239799,6513371.323549508740239799,15,True,delegated_EOA,delegated_EOA,6513341.5277792514100549894911606280717735194362951300901694599825,29.7957702573301848095088393719282264805637048699098305400175,99.999542544578264689435327431053232736899275157860304084026988948,0.0019214006536140760280806654315998875891656821392574004700040667615,7.8335622058804438722826161767043123695828279278187246116648838323E-7,,9915820.6435490236741598580910622415752660215339020150777980376946,0.0017397110162626418573698033844078118369205162265038831572419971397,7.1012128036230605135769843926980584238468893100355592121106267330E-7,15,15,40.186139461566079940908937758424733978466097984922201962305284,12514.738668686758194042363446419920247671090180949848807889520020
34,0xac5fdc54868c317f84aed49d8448594991f62c55,6079187307409336356324221,6079187.307409336356324221,31,True,delegated_EOA,delegated_EOA,5559314.3573752747239593911844726528902095052803637469781823498078,519872.9500340616323648298155273471097904947196362530218176501922,91.448314984464477259477994330837887288316690457765793548326316317,0.0075395435350584172304776599795757978956792621280549754993486448147,0.0000030289075723141581775152014348108441818448013289492575147448303693,,6110709.1877050438813426261342315078284252097095744683156332259324,0.0071555314554119002806662188271573710195379979823886334489106346457,0.0000028749554802512812577929588597426125396624972737884203993341422230,28,31,524635.53059350917498159486576849217157479029042553168436677406762,41914.692622506191861989493009688818476323317926760208097406481676
35,0xf99d7a743d1b5b2ff28c22b2005cd98def3591de,6043569486553189343619995,6043569.486553189343619995,107,True,delegated_EOA,delegated_EOA,5552934.4718101862172677335758792535810178297276621552127456386781,490635.0147430031263522614241207464189821702723378447872543613219,91.881701437624646120897670545436065941973814603618957537884761913,0.0069960576119196223940245993496052542301771946537493026562538198338,0.0000028365987025876635647476560261236761803538400618329685797003242787,,21305918.628049438969103206515714594588991193731878783665529875562,0.0033151048173383070986473862947839799645425982534299266790572249308,0.0000013527287928894269014933283893618943569834483706164260536684376214,95,107,570466.51156985077451678848428540541100880626812121633447012444034,38848.649479998521125471034647366981833956492696807607052007303673
36,0xcdda172e839ebb781639b9d1b668dbfe0bff3834,5902741341483374014756107,5902741.341483374014756107,6,True,delegated_EOA,delegated_EOA,478424.59706712098603352800000000000000000000000,5424316.7444162530287225790000000000000000000000,8.1051255575920536550031421545061913430775677449132074628617924243,0.0091664386493681823054337377528595544765146346031990256126295696658,0.0000036740501129673614161627976743453827688928893502920108953847539044,,478424.59706712098603352800000000000000000000000,0.0091664386493681823054337377528595544765146346031990256126295696658,0.0000036740501129673614161627976743453827688928893502920108953847539044,2,6,5424316.7444162530287225790000000000000000000000,4385.4497173644573246610999230200000000000000000000000000000000000
38,0x977b15009c23651c5357e0e4aa45efa890447f75,5651785836692955348219098,5651785.836692955348219098,28,True,delegated_EOA,delegated_EOA,5253706.4765947614188709835405316657546998982322930166399478627809,398079.3600981939293481144594683342453001017677069833600521372191,92.956573875928689182491146501833117866992656369224128829601992439,0.013125422748899163656979623230391659205964499131634838360611173960,0.0000051796740090156960036124613632852536370810644121063713602682946689,,5253706.4765947614188709835405316657546998982322930166399478627809,0.013125422748899163656979623230391659205964499131634838360611173960,0.0000051796740090156960036124613632852536370810644121063713602682946689,26,28,588730.34480228958897891945946833424530010176770698336005213721896,68957.118503935753033074440857999028752918335483461829854230065198
39,0x461d5072f3eef08dedc4a7d74fb6d79f99e25e73,5586176121717046931474164,5586176.121717046931474164,131,True,delegated_EOA,delegated_EOA,762059.63052456832061360189746648507238431077516435687364319130663,4824116.4911924786108605621025335149276156892248356431263568086934,13.641883354911674017768101826203970369822686610639216455443525781,0.00066720300421729804781357060607690765742358268850693673211863822298,2.6991237538936764049827031155905152028694764983801732486583971515E-7,,11975949.441310919864514924000000000000000000000015261347962271198,0.00022155530432872600735061154930099241249874036029173869434661226195,8.9003461643448492391181082203890039643073794666010712791206160314E-8,4,131,6384300.8118630684669592399999999999999999999999847386520377288027,508.44847487871614934714990630976173106166693098256643206443251339
40,0x651a7378615b54d3dfd0c10b9262a95bc8c3d19c,5443753418161023399904639,5443753.418161023399904639,12,True,EOA,EOA,540288.32083837128659456600000000000000000000000,4903465.0973226521133100730000000000000000000000,9.9249227387100919302290557827702268155209174185806960269440704041,0.0088276633346416604610530804957379469110866103326528744780116665732,0.0000036647099773091751850703787713279670674504262785887233544964429093,,540288.32083837128659456600000000000000000000000,0.0088276633346416604610530804957379469110866103326528744780116665732,0.0000036647099773091751850703787713279670674504262785887233544964429093,1,12,40482406.992339915996281052000000000000000000000,4769.4834000000000000000000000000000000000000000000000000000000000
41,0x4bf52cec9f6294bc20dd4ba4bdbfca652a5c6403,5113225133191450230976424,5113225.133191450230976424,1,True,EOA,EOA,5113225.1331914502309764240000000000000000000000,0,100.0000000000000000000000000000000000000000,0.00021566268628693359557296296854687367907811407825875953455578092537,8.5668074384659899844071674279597130324759641757076269458666371552E-8,0.00021566268628693359557296296854687367907811407825875953455578092537,7750113.613510650673047893,0.00021566268628693359557296296854687367907811407825875953455578092543,8.5668074384659899844071674279597130324759641757076269458666371549E-8,1,1,0,1102.7318678139319814883612917143665756719057004346818429630469912
42,0x73f432da307525b6590c858bf458116322d50d16,4882724418344152752939096,4882724.418344152752939096,5,True,delegated_EOA,delegated_EOA,4601773.307980079114437447514129363037341473831788488111807933825,280951.110364073638501648485870636962658526168211511888192066175,94.246017462944369898765466323720955308238827409224543339465994794,0.0022171478711346194455595012498651645128727217592998903870059529316,8.8876910317116382345322910674649734306497603816156110940098086765E-7,,5167249.4127577453338300403120716887691909067962438353718447297938,0.0022171478711346194455595012498651645128727217592998903870059529316,8.8876910317116382345322910674649734306497603816156110940098086763E-7,5,5,315475.00558640741910905568792831123080909320375616462815527020621,10202.811893232147890297342357478827242392311082973123182130313439
43,0xf055acd3193f0bc2a46c06e2b3398c6c9b3c0f97,4796325904374320727487187,4796325.904374320727487187,73,True,delegated_EOA,delegated_EOA,4074497.8414888181127376545422281383120291252646242471661160739852,721828.0628855026147495324577718616879708747353757528338839260148,84.950395838881910411363629920867438807384566235922501211949330806,0.010176906439993757279205001044325509824839151340814788617200488446,0.0000040992784716915047680740526787547127070702434361153405950857545417,,10972519.258460093373140821257785164894681414630252698429421782222,0.0056124943670770140142163010638273002798251898036272067032754013302,0.0000022697485333280226856525681270265170253882603763229159527142143710,42,73,792669.74005736104582322974221483510531858536974730157057821777834,41465.783322788216287104241937806468319526275675235456696826296040
44,0x8400275efc189259686fa57be45955b740c580d1,4744885100015258075624665,4744885.100015258075624665,52,True,delegated_EOA,delegated_EOA,4241269.449656427176541574049105704482925767140124826020143095592,503615.650358830899083090950894295517074232859875173979856904408,89.386136023457945742651363919431849973713465610676860723915571499,0.0042606899499954608983928695465354464475973419516074004689641453922,0.0000017212863919374382749023482051902900344457188165628127093145245969,,30889831.08297920196853873822578617812625063164349767645684785848,0.0022012806378092749350383865618340863593789858975073574754843370233,8.9407288492003311213744125604381986425589251905226537134435535391E-7,51,52,6021842.1025493950070859267742138218737493683565023235431521415184,18070.734119373918671022351525716750427173936368081813594692555932
45,0xacf022d57bd37b7aafaa39b92be73ebf8540d4ec,4647191610656324762698885,4647191.610656324762698885,5,True,delegated_EOA,delegated_EOA,4615463.9930449351884512113082325568307014081093798827745921263024,31727.6176113895742476736917674431692985918906201172254078736976,99.317273306772288007757335263687426339011114789794968078044448188,0.0020100591716289981151464965104860097095722276462204149684318491628,8.3329539751199123577154684333685532818417088365840695345436043845E-7,,5978540.2995679820371214260240221563573359815987879237092838150523,0.0020020472055950867247408570383129181750615319704323871604771632796,8.3020514351336090280631777339147416954704825344117957114555402055E-7,5,5,41147.0406369186255774589759778436426640184012120762907161849477,9277.3557305433703427987572892596479337601597947611825207408596388
46,0x9a44d4974cad27175458ee071c189c2619f417c0,4503994073301360881288002,4503994.073301360881288002,73,True,EOA,EOA,1493144.9128048413974991923370011509730168087812017619912696282646,3010849.1604965194837888096629988490269831912187982380087303717354,33.151573658941081003499943212488690395429240507126714645503446876,0.0096337443561866933885584510729269934454991885440968436456113596707,0.0000038864058534470410196657765909131140088681742467824320609536678856,,17911004.355576416843389737000000000000000000000,0.0028362682292627752962366890215329117805803716751793052094648140192,0.0000011461744183881264965377564611106211041956182875076140594794639075,70,73,9695064.5381911109298867480000000000000000000000,14384.576376702513226013345493036412849036919978713244138419811734
47,0xf5a838dbd68b60d4c25a97616510e0971250181e,4492491973706256418121729,4492491.973706256418121729,2,True,delegated_EOA,delegated_EOA,0E-260,4492491.9737062564181217290000000000000000000000,0E-260,,,,0E-130,,,0,2,4601491.9737062564181217290000000000000000000000,0E-260
48,0x95b428856473d56e7b7a71aefe61b2414874cde3,4464112317786336621749131,4464112.317786336621749131,5,True,EOA,EOA,4400847.5076207915376108400000000000000000000000,63264.8101655450841382910000000000000000000000,98.582813207600546458404391741275663915530924536457222833421518291,0.0019296716366213462406090532292577687109758384814134358552422175634,7.6909088127556994608912790458520970589355970383415278295111112363E-7,,4400847.5076207915376108400000000000000000000000,0.0019296716366213462406090532292577687109758384814134358552422175634,7.6909088127556994608912790458520970589355970383415278295111112363E-7,2,2,63264.810165545084138291000000000000000000000000,8492.1906125515853283503657078400000000000000000000000000000000000
49,0x9622a7905307abe9686999c400b85a7b30775345,4418937037250354832055489,4418937.037250354832055489,27,True,EOA,EOA,3334059.5460013503047777185954515509578763086692681769686749573496,1084877.4912490045272777704045484490421236913307318230313250426504,75.449356211600151743624388232572145648442403185226730843437362913,0.0036863814132359598169687954188684591761026968100957779346547914979,0.0000015076340835418330278649238225259255704495185488587011406635200891,,5815375.1396894441565354810000000000000000000000,0.0025810066668767540080689372610225796212839251027020412935420158667,0.0000010544564800556387874850506480326362965848562434394869032590843163,3,27,3001578.4783358809024309490000000000000000000000,12290.615141001300316672010694884721197299317976761270266952880643
50,0xe48b6e0e9900d68ba93ac417d9e2ce911c52f753,4418838326540300966248758,4418838.326540300966248758,10,True,delegated_EOA,delegated_EOA,3464986.1586821613824850247143908903471243512098813066012479796861,953852.1678581395837637332856091096528756487901186933987520203139,78.413960924319411136043527793490426776067678879459401149605945766,0.014928034588896356604725724804593410320282153475188297080707280797,0.0000059846625489923118314222619395930627194627788554884852667574585124,,3464986.1586821613824850247143908903471243512098813066012479796861,0.014928034588896356604725724804593410320282153475188297080707280797,0.0000059846625489923118314222619395930627194627788554884852667574585124,9,10,953852.16785813958376373328560910965287564879011869339875202031388,51725.433226854424844952320023574737301632253242462642754731922206
51,0xf5bec53f45949b99f94d1db91581c01ba300c8b3,4389821732566609668988538,4389821.732566609668988538,3,True,delegated_EOA,delegated_EOA,4389821.7325666096689885360000000000000000000000025134148305335332,1.9999999999999999999999974865851694664668E-18,99.999999999999999999999954440063359232260645969307449993775293116,0.00034968669900909980769442067900359530720981162165772113857924883278,1.3928025819230528835721290688086947224491004335244328017430077845E-7,0.00034968669900909980769442051968655679747174899761409993971657149590,4389821.7325666096689885360000000000000000000000025134148305335332,0.00034968669900909980769442067900359530720981162165772113857924883278,1.3928025819230528835721290688086947224491004335244328017430077845E-7,3,3,1.99999999999999999999999748658516946646686E-18,1535.0622708996250663492285735484378196044208885441124873642812428
52,0x979e5a4f228bca19add8a306acb4ded5287c452f,4210282743113316010712687,4210282.743113316010712687,16,True,delegated_EOA,delegated_EOA,3557303.7289640765282052851322559275777316652041417829957323507538,652979.0141492394825074018677440724222683347958582170042676492462,84.490851232798900559992302965672325709405718900829628021813888582,0.010696353126007497337539235384126252789799636450787842925583358203,0.0000043048856297323117862770866860850083450833142890243925700136489389,,6536194.2267477389464498140765908757049512298782728437438011601358,0.012593377502883438178795913093058202957827581853304955676932132045,0.0000050554507770022674181125873869708822777572513734471161012998988238,16,16,1055504.7554444891434196309234091242950487701217271562561988398642,38050.176861463027020957453179494454654755845584625299898921915098
53,0x54cefe167ea3ad70d72b7314c4c9551a12eb8a2d,4183960351900000000000000,4183960.3519,1,True,EOA,EOA,0E-65,4183960.3519000000000000000000000000000000000000,0E-65,,,,0E-65,,,0,1,4183960.3519000000000000000000000000000000000000,0E-65
54,0x25eded2339466d3b7daf552b24d9b6e09b409b4b,4183644479052997315860629,4183644.479052997315860629,111,True,delegated_EOA,delegated_EOA,4125077.8912967686341286270419218392315030605441139900865640229526,58566.5877562286817320019580781607684969394558860099134359770474,98.600106006868783567812616821829200105519355440062172519974142700,0.0050291418877273433187763321756325732556899693022965671143183327155,0.0000020333811607414712333811929893084980312333311846920721185184590185,,7629865.7917456251461679760000000000000000000000,0.0030100285118626309392776328275219540613002704562253636547401364882,0.0000012188950561741086553768396312881983941316971050236028180992067023,11,110,58603.780795067568976678000000000000000000000000,20745.602013258559729310721717359718206565053876073358133440715284
56,0xa0670863bd5cd0d60022bab2eed78e81e1a06bce,4148677237517420409086429,4148677.237517420409086429,1,True,delegated_EOA,delegated_EOA,4044829.8099502366313878180250314549968043204548129435893086380613,103847.4275671837776986109749685450031956795451870564106913619387,97.496854500319567954518705641069136193864470692429606531600822524,0.00037649997531750239871520785049247635746840501537203970916748413692,1.5317068498731499737874113785091413105213662810467127314616976486E-7,,4044829.8099502366313878180250314549968043204548129435893086380613,0.00037649997531750239871520785049247635746840501537203970916748413692,1.5317068498731499737874113785091413105213662810467127314616976486E-7,1,1,103847.4275671837776986109749685450031956795451870564106913619387,1522.8783236097620100155761268443668709556000207383586027018899422
57,0xe3fbd75c0b9374947aaf5aef9708a81ccf68555e,4140339243560520284903134,4140339.243560520284903134,2,True,delegated_EOA,delegated_EOA,4052637.1297806038956166967324885213168613056286280332209884794077,87702.1137799163892864372675114786831386943713719667790115205923,97.881765028884536440594680686257245709766662290287327460746334974,0.0031377726431890810332959684651451102586313384199561992610488383703,0.0000012771949769585883413835288870071937413690342196056955874799440298,,4105396.2360441696181305960000000000000000000000016882099326979576,0.0031377726431890810332959684651451102586313384199561992610488383703,0.0000012771949769585883413835288870071937413690342196056955874799440298,2,2,88843.8604974924667725379999999999999999999999983117900673020424,12716.253918597896311757823060268251033596516095151016375052097628
58,0x7092b2648127f3e831c279d43cb5494bddc7d5dc,4127679312318476262318109,4127679.312318476262318109,15,True,delegated_EOA,delegated_EOA,4126901.6836495201336104308753695158582653108085503098869388125837,777.6286689561287076781246304841417346891914496901130611874163,99.981160632643252936053769221368993751340076181083511099006013661,0.00057045569291533809452891057731389584182622195283189172241405243236,2.3043487581027153236796368444434919245383272609409792589200600193E-7,,10520412.987343558328448631000000000000000000000,0.00047878136645163380004973415798606082729893774747451706063805106736,1.9345111223962444861789589013115601001648901232494487533805435616E-7,2,15,1789.3390535322298163080000000000000000000000000,2354.2145595397624167065754785574364983754249156005029304859610081
59,0x10b321e762b85df47782ac8dff9075b6428d98e6,4105587742466346057338849,4105587.742466346057338849,9,True,delegated_EOA,delegated_EOA,3932357.1311981548744964536200726849061371954776679747163500120554,173230.6112681911828423953799273150938628045223320252836499879446,95.780613589709167621679027990406311587083507415325500440166268802,0.010534426598683131336336216330402657749636186495624309697692495260,0.0000042316268812361356747905200316449724593604258262863128059838424873,,4972903.1726004531702052371981351272493810346811146893372244986726,0.010121739992341828890557672835298903109397363672913549061148453686,0.0000040801974683091874829603299216119265722199543182422837323465961706,9,9,173880.15963908259964284080186487275061896531888531066277550132742,41425.127558415134700405438376600919465115962585821754778061076776
60,0x402b8bb4f40499882669472c8c2a8709bd0da061,4049470011610568243454232,4049470.011610568243454232,8,True,EOA,EOA,3950248.9071923502152800114178422974851020980457669671776334210999,99221.1044182180281742205821577025148979019542330328223665789001,97.549775547572076197446240739173143341947183110076570147619752327,0.0032112157971176974168838438580567039089304362222705170023762563301,0.0000012861488815976771881482525506637148747045766561424822812509034548,,5334568.93009758789684150574275065084639266026117892830151291719,0.0030057695692104558989837980947455130046524818621642210393074917616,0.0000012050458108194942420137225252505957900810599466998172503209270422,8,8,107054.18551298034661272625724934915360733973882107169848708281001,12685.101693322996021288290113038219715909970188886622078874761212
61,0x67df1d22c03ce81dcd7c50a65d476b17f4934fd4,4029847168578789141657116,4029847.168578789141657116,41,True,EOA,EOA,4029444.5965789176189914718771852197207085918291873447806106864443,402.5719998715226656441228147802792914081708126552193893135557,99.990010241504679737070479397437598882621762076867095554661858684,0.0096138821519011341637923412493635852672865362447446189229702764075,0.0000038525859385182919385383429867296428642714021910002725759497699326,,9847825.0902798797981507890000000000000000000000,0.0060312420789745704129213014103044262206116103908696579949074719966,0.0000024262166296579655213414478933872388579937398610164585124933557768,28,41,1719.4548003457117104890000000000000000000000000,38738.605489124521947207240859219968312082121747660034657138755304
62,0x781eff8ec4bcf5bff703094aa1a32af6b50791ab,4000000000000000000000000,4000000,1,True,EOA,EOA,0E-65,4000000.0000000000000000000000000000000000000000,0E-65,,,,0E-65,,,0,1,4000000.0000000000000000000000000000000000000000,0E-65
63,0xc244cfa9b8de25ffdc690426bd630d587101bb3b,3967344242817334979158007,3967344.242817334979158007,36,True,delegated_EOA,delegated_EOA,3640689.2166412172761664258625465578111133950851118142589249619187,326655.0261761177029915811374534421888866049148881857410750380813,91.766405782217935969880043625127809520110644936485000395086372508,0.016772723093188518236580615725122949415454032669970750109399428167,0.0000067691732893908984786773463915699444922599010945597610221951429426,,6538663.2722892302006660330668985556790336022704158180299459538445,0.015374327292978178272657457753575065698118275053506709024566940763,0.0000061753151053558326356498942154681079695867208927682821485665641884,29,30,2837194.0960776255614503809331014443209663977295841819700540461556,61064.272099080561214646435111270156476872961679509852008059258382
64,0x368ef27439a75ff818ba4b1eeaf3c231c979ef05,3733425335038096013701308,3733425.335038096013701308,4,True,EOA,EOA,2734290.3694250150712896543864881545929369435248500764745029453213,999134.9656130809424116536135118454070630564751499235254970546787,73.238115779731115706580166662714685784661362104933903048225276015,0.011186642301049570723105205153132320966337555424508850350627300198,0.0000044658496863731534089846626350177093725254389353947678150149161984,,2737574.7074892966923502010910862706622084466535839051165887710149,0.011193097869565945529731046136793676892265875441454239123858363879,0.0000044684829649335524261310256742305509378645286932261719162825840207,3,4,1000826.1204059643022879379089137293377915533464160948834112289851,30587.528309962331394843374911951906891666310917070500739354755286
65,0xed6b4f93a357b210d31e0046c1c0d6b453ef9197,3500000000000000000000000,3500000,2,True,EOA,EOA,0E-65,3500000.0000000000000000000000000000000000000000,0E-65,,,,0E-65,,,0,2,3500000.0000000000000000000000000000000000000000,0E-65
66,0x3e2b153785b3823dd5a10b8c0b37b26e226b4b80,3333410386531810262291319,3333410.386531810262291319,3,True,delegated_EOA,delegated_EOA,4.8958868268781823920462505661599461626690693271044878445443204641E-40,3333410.3865318102622913189999999999999999999995104113173121817608,1.4687320969117228851017170443358605187672210669666274752652464698E-44,0.00021479810319711854857061262604016571219024582802836972045525432827,8.4846998174380354565791142899206510824228574850661659884801519392E-8,,15578730.838209242497277837000000000000000000000,0.00021479810319711854857061262604016571219024582802836972045525432826,8.4846998174380354565791142899206510824228574850661659884801519390E-8,1,3,6666820.7730636205245825560000000000000000000000,1.0516272038811930951797464349535699088059495569465710338532465150E-43
68,0x322fa3c95c97ec90a87f56a57adf1e8909793e34,3233192072282438035725463,3233192.072282438035725463,3,True,EOA,EOA,3233192.072282438035725463,0,100,0.00039363139307010200436395664472824033636498215780446587009919455669,1.5970039612712292392794072850453499481523378631882427502836504541E-7,0.00039363139307010200436395664472824033636498215780446587009919455669,3233192.072282438035725463,0.00039363139307010200436395664472824033636498215780446587009919455669,1.5970039612712292392794072850453499481523378631882427502836504541E-7,3,3,0,1272.68589947574601819945126496
69,0x27251ef93006c0f3ea2031d709d0ba9b3c4f3eef,3232356477384955986843214,3232356.477384955986843214,28,True,delegated_EOA,delegated_EOA,3232300.594177343378301275256651387030106680912634572304437008293,55.883207612608541938743348612969893319087365427695562991707,99.998271131046232276150136368203018988524259217395473889855642796,0.00035561010036582170376720026020126254705717056363763424013329389963,1.4275510341655996618582535886524258728534977765907317803066734896E-7,,4348297.0678634415783012750000000000000000000000002299750878086522,0.00035561010036582170376720026020126254705717056363763424013329389962,1.4275510341655996618582535886524258728534977765907317803066734896E-7,1,28,55.8832076126085419389999999999999999999999997700249121913478,1149.4387387079102069417438197128245447554669707361986301683292998
70,0xe1fc4bb91ff351818131d109099416fc435d41ae,3204293175125554388734316,3204293.175125554388734316,2,True,delegated_EOA,delegated_EOA,2702667.8131978802607872740000000000000000000000,501625.3619276741279470420000000000000000000000,84.345210175469700824887501670373200394810697812083445653887494736,0.015945739710287298999279959259887045103350632643194517666276331108,0.0000061404182238106709148607508250443631672165565394628053564491658386,,2702667.8131978802607872740000000000000000000000,0.015945739710287298999279959259887045103350632643194517666276331108,0.0000061404182238106709148607508250443631672165565394628053564491658386,2,2,501625.36192767412794704200000000000000000000000,43096.037472624775120378697753000000000000000000000000000000000000
71,0x3fa87fac3430294f5461f9599ed2c9bd7b7eda6d,3183919900859794394163675,3183919.900859794394163675,52,True,EOA,EOA,2313953.2405753354645089568480420607939971982550146146206392794994,869966.6602844589296547181519579392060028017449853853793607205006,72.676239121168507871575610796214829953519967694756156076750901628,0.022807571486728426860175403607265615433063251953196359216060440611,0.0000091409960897708879337183160898919563916627002176284056608447521280,,2313953.2405753354645089568480420607939971982550146146206392794994,0.022807571486728426860175403607265615433063251953196359216060440611,0.0000091409960897708879337183160898919563916627002176284056608447521280,11,52,869966.6602844589296547181519579392060028017449853853793607205006,52775.653951368865068844041150308315860337218852611932821300555601
72,0x8b87ba04b378efc94d42f6d82ef7e6f52e48e4fd,3106733557280765678540075,3106733.557280765678540075,41,True,delegated_EOA,delegated_EOA,2690136.6631358735940476764092392996221996841121112393313820899036,416596.8941448920844923985907607003778003158878887606686179100964,86.590517453014949365654819753733122617823421936204421342396276390,0.0083141001092670915694457275591398680038469494982025700455486933153,0.0000033321879597084259709002961640172923661134031889908311119131244418,,15059041.410742344531506949913033783210254175183793103286537751635,0.0059283102066448100448809093977825159549572832105492503149715247218,0.0000023870568152919236788929152475260006434611867212402656711283847849,40,41,1554551.5709023434511624300869662167897458248162068967134622483638,22366.065524921375753462461172285274816517799118535307612254061683
73,0xedc64b69677652e94d8bbcc926c88f7fa118da6f,3102012068553727914545042,3102012.068553727914545042,1,True,EOA,EOA,3102012.068553727914545042,0,100,0.00018675099936586983203894413440856177632937605803882020576539722573,7.4183433307508705082459401102838455560154876105337080023843840323E-8,0.00018675099936586983203894413440856177632937605803882020576539722573,3102012.068553727914545042,0.00018675099936586983203894413440856177632937605803882020576539722573,7.4183433307508705082459401102838455560154876105337080023843840323E-8,1,1,0,579.3038538473978077200033140
74,0x4e3ae00e8323558fa5cac04b152238924aa31b60,3094479494635198880261603,3094479.494635198880261603,638,True,EOA,EOA,0E-29835,3094479.4946351988802616030000000000000000000000,0E-29835,,,,0E-65,,,0,638,12254390.325530209348829864000000000000000000000,0E-29835
75,0x9fca0f07d2f36b76990da744c86d4991efea9c20,3062615522031915520368031,3062615.522031915520368031,15,True,EOA,EOA,2779193.4080400948919717700000000000000000000000,283422.1139918206283962610000000000000000000000,90.745749443476271711556190325881976125586543994372027018003534533,0.0085232849062543132365831789995194844142586356349298925039637456626,0.0000034678133137798959727714199311497793027049479844112103086616520706,,2779193.4080400948919717700000000000000000000000,0.0085232849062543132365831789995194844142586356349298925039637456626,0.0000034678133137798959727714199311497793027049479844112103086616520706,5,5,283422.11399182062839626100000000000000000000000,23687.857226309625506240000000000000000000000000000000000000000000
76,0x6bedb945248804545c38d8b10f2116b8fde57a61,3056689756920137024691270,3056689.75692013702469127,5,True,EOA,EOA,2317845.604375414088249968884573333698872719177041629496997322199,738844.152544722936441301115426666301127280822958370503002677801,75.828618168656789818102380853879422869210902631620708018337583837,0.018007772703735821589727948105778424163258732855398512691149127020,0.0000070727759274576582852983411781514544279202582583197140450768400431,,2317845.604375414088249968884573333698872719177041629496997322199,0.018007772703735821589727948105778424163258732855398512691149127020,0.0000070727759274576582852983411781514544279202582583197140450768400431,4,4,738844.15254472293644130111542666630112728082295837050300267780097,41739.236805945640020064876584360044137398213533898106115974578207
77,0x5c3e5b6780dc15b705f606f19b6a9206fea39cdf,3043627239341176140205651,3043627.239341176140205651,61,True,EOA,EOA,255685.94385414864402228060760581601716959145505958917420728406784,2787941.2954870274961833703923941839828304085449404108257927159322,8.4006983690123120749401771581701797066532797440842470697997987990,0.0087059337755058568369059148310738232082019892654897867700276788178,0.0000034666654577449303334141197933960202359931429442312980556695727147,,33745812.093956372200577285000000000000000000000,0.00070104741928860902037459603881995924393993873412435124332695701518,2.8163494698360205694617258611262293585709767715708779216060816374E-7,25,61,6812900.5120361184243437320000000000000000000000,2225.9848945219268366633875614563788461461522270777404923541762712
79,0x80571c9efbe9f08ff4f12e0530ffe10d2ca1d54e,2919763386577386280449596,2919763.386577386280449596,1,True,EOA,EOA,2919763.3865773862804495960000000000000000000000,0,100.0000000000000000000000000000000000000000,0.00022690428349774671518781610223159774861833108611170350247394552925,9.0133594139788127956253399590463818236011393218492052817474780088E-8,0.00022690428349774671518781610223159774861833108611170350247394552925,6320144.839521141512131027,0.00022690428349774671518781610223159774861833108611170350247394552924,9.0133594139788127956253399590463818236011393218492052817474780093E-8,1,1,0,662.50681921429629277400019110501757144901848448459573961758990802
80,0x67505fc71782403718939b4bb3f6ab39be613f4f,2890585183492377706981097,2890585.183492377706981097,116,True,delegated_EOA,delegated_EOA,1739688.6219729767631139508233810413525122005288826561269638973333,1150896.5615194009438671461766189586474877994711173438730361026667,60.184651603005222890762727213280010739328151148283414886809806415,0.0078509038436391110338350163730177908983836170826049752200071631734,0.0000031430737642767568796907613201324295165416232552333566322517082230,,16023276.817340697099165558852295541100885671319046907496435849742,0.0077895518384544957002104627274473375974653665792904473947228434332,0.0000031194489601740373912498367934574434084977792147475287197362153866,80,116,12090129.241411320634073287147704458899114328680953092503564150258,13658.128088982871705421181326654178999463558192402541252500877626
81,0x8e34c9b87de1489096bc53e90660743bf9e8ac03,2873927258456767767656278,2873927.258456767767656278,7,True,delegated_EOA,delegated_EOA,1401308.4710300458396305863538177313939052330318016331011177085683,1472618.7874267219280256916461822686060947669681983668988822914317,48.759357666641707675856797363260536504866315172980498701386992487,0.0031605168644539120319350378198301045738926096838440683320420495196,0.0000012831043889536665233970136346584659083732847437377974974360030659,,2137905.5718176079908472320000000000000000000000012398491841343426,0.0031008677496484906384650735865802056829127927170235963170851117340,0.0000012590227481333207566948023861580079072663401416491717194983535933,3,7,3530429.6934568327768090459999999999999999999999987601508158656574,4428.8590549925861022985368882004219108367146888149073190838278587
82,0x324759142f503cace682f1016cb7cab2f792cb9a,2868801539796511282326420,2868801.53979651128232642,1,True,EOA,EOA,2868801.5397965112823264200000000000000000000000,0,100.0000000000000000000000000000000000000000,0.00012537660379876276834248478868125384521993842722846558142039676491,4.9803572445713319607842216399524292141207419273937177109318420079E-8,0.00012537660379876276834248478868125384521993842722846558142039676491,7108934.451174123512518891,0.00012537660379876276834248478868125384521993842722846558142039676491,4.9803572445713319607842216399524292141207419273937177109318420083E-8,1,1,0,359.68059403234775558230487449120452855698562786315917337686517373
83,0x6f43d67ee1a636dae48b3afec63f2d20489482ec,2770066243356035202467197,2770066.243356035202467197,24,True,EOA,EOA,2017115.3330210556253917170000000000000000000000,752950.9103349795770754800000000000000000000000,72.818306705086143302063952159555840226041781318423683213618063472,0.011691219083806761956034802488875796641774414506321923913725153917,0.0000046679764455630909216966840498039598676499475648130203031465938534,,2017115.3330210556253917170000000000000000000000,0.011691219083806761956034802488875796641774414506321923913725153917,0.0000046679764455630909216966840498039598676499475648130203031465938534,6,6,752950.91033497957707548000000000000000000000000,23582.537275654997480000000000000000000000000000000000000000000000
85,0x4552df0be3b02bfb80c3444b3f1465ee0bdb224c,2652531627008365832253611,2652531.627008365832253611,76,True,EOA,EOA,2644593.6416936084318543655403076962133816060844946945161311505732,7937.9853147574003992454596923037866183939155053054838688494268,99.700739277378185819113327593460953582357266908823336964947514704,0.0025335724418373949268475969835960532068569396117128078621723002131,0.0000010347166047607095435942739760000397007963991530731669680090233433,,2694456.8260743798575425990000000000000000000000007771092879943913,0.0025335724418373949268475969835960532068569396117128078621723002131,0.0000010347166047607095435942739760000397007963991530731669680090233433,3,76,8074.8009339859747110119999999999999999999999992228907120056087,6700.2695704533241879190863994661202990146748311393223120390747431
86,0x8da2e73785a202263be1b04d3dcc8137181c89c3,2592527081354917870493904,2592527.081354917870493904,132,True,delegated_EOA,delegated_EOA,2470292.0906538317956183308951561926087988538973570578390572770774,122234.9907010860748755731048438073912011461026429421609427229226,95.285102648293143843193603434064493089364122594212839570859439284,0.0032980636328967905700757325207392936201671070387030407695476343354,0.0000013370904927730654652378744225171659727651805155040217237745780816,,7260331.0762997843809377266646004535437164779989949644837382775623,0.0015454550323965030891022331410974630192056018151572459047099059987,6.2709536469276716656850208687561226184088075396972840442214692082E-7,55,132,130698.70648768194909546633539954645628352200100503551626172243776,8147.1805068179843988050970135208845806903792787678001923171506050
87,0x5ea5091943581a34d254e33ac718b2b8af4a2250,2517551026260603836881749,2517551.026260603836881749,2,True,EOA,EOA,2372524.9249767884204545980567108179302188265075429528353213564716,145026.1012838154164271509432891820697811734924570471646786435284,94.239397741255431225036632134998018594176637716280057866161449671,0.013009204168741204168781991605316616021128633856741623335513497675,0.0000053019068993589686910188229427968563416774636261201115453337308023,,2372524.9249767884204545980567108179302188265075429528353213564716,0.013009204168741204168781991605316616021128633856741623335513497675,0.0000053019068993589686910188229427968563416774636261201115453337308023,1,2,145026.1012838154164271509432891820697811734924570471646786435284,30864.661144450448587564070949358440289322016836919771059203858852
88,0xdbb81a78349a9087c7e4cc3ac42f195ce4b5e649,2405107190164694361230557,2405107.190164694361230557,4,True,delegated_EOA,delegated_EOA,2405107.1901646943612305560676919786913945079860131971920724863666,9.323080213086054920139868028079275136334E-19,99.999999999999999999999961236321394691606275331618080536362733076,0.0010062828587386657054849738832441689753127444540991038111147129448,4.2096656786771257665913218537197060389352592558321469619665590707E-7,0.0010062828587386657054849734931719157535469003257843278586300653513,4919014.2026788452705537290000000000000000000000100794792523090949,0.0015387978672371875489433014183116501028847083376360486974345446230,6.2532379391783014310031979704529816980482968862813925964765304557E-7,4,4,1.99999999999999999999998992052074769090506E-18,2420.2181388918483319055555568068629385493035375987069351847281256
89,0xab55e535ccd715a3ceed631966d234a9601e94f3,2380475262614671181995780,2380475.26261467118199578,8,True,EOA,EOA,1994302.9309622598387665050360706819729170902960639166711815045738,386172.3316524113432292749639293180270829097039360833288184954262,83.777511250915222496181389139353406387952875121434634838022945177,0.017363557139756873947601351176178846511447510300342480762320712353,0.0000067911603733271605394503588346963568994163163790310254126120435764,,1994302.9309622598387665050360706819729170902960639166711815045738,0.017363557139756873947601351176178846511447510300342480762320712353,0.0000067911603733271605394503588346963568994163163790310254126120435764,8,8,386172.3316524113432292749639293180270829097039360833288184954262,34628.192895747806895057487998542406645121295642450398722451623529
90,0xa7f43c546317017b9aad711fd99660360b4733aa,2273477391562692755351084,2273477.391562692755351084,8,True,EOA,EOA,2273477.391562692755351084,0,100,0.011264965162319151347074322196417712922839365351155717195475955060,0.0000045722909049273255044390023393287168593757160272908328819395777196,0.011264965162319151347074322196417712922839365351155717195475955060,2273477.391562692755351084,0.011264965162319151347074322196417712922839365351155717195475955060,0.0000045722909049273255044390023393287168593757160272908328819395777196,8,8,0,25610.64361327395
91,0xf0f349d0ed0673a77e0afcdffe00e8c023645a4e,2173367059700793776125058,2173367.059700793776125058,67,True,delegated_EOA,delegated_EOA,1789575.7255705345069471310000000000000000000000,383791.3341302592691779270000000000000000000000,82.341163568426604991193235838871224533375180457253176608942662022,0.0084724533758839528616031100524419770392244046052777898181682485859,0.0000033809662050349909575385242882556953820026895960955824754320904324,,4718661.1053077301196023290000000000000000000000,0.010911646530881307537981640719203992420137823429156493333147621583,0.0000043530345983949170794292199930165363443570121471161541179853995081,52,67,596444.04806925486189717400000000000000000000000,15162.096897510049467611716931930000000000000000000000000000000000
92,0xf354bed1675ec3f8ba6fbc27e892ebad86194636,2159771627316873653718751,2159771.627316873653718751,10,True,EOA,EOA,1263082.5313093336834021318984191282208485171434433168059406850019,896689.0960075399703166191015808717791514828565566831940593149981,58.482226330497993714620340554699893640561668668362561287273300192,0.017258745026957094167338030530005733246818749856247350836379325447,0.0000069131948258385311807121638152009936124216148347996687346663960478,,1263082.5313093336834021318984191282208485171434433168059406850019,0.017258745026957094167338030530005733246818749856247350836379325447,0.0000069131948258385311807121638152009936124216148347996687346663960478,7,9,896689.0960075399703166191015808717791514828565566831940593149981,21799.219355871340899373521258177348823018881492070887565066494800
93,0x0ca6cadb6a8ca4199788b9a060c3285fe7b897fd,2143131703477958421840876,2143131.703477958421840876,43,True,EOA,EOA,1716617.9549628350846863644042936598086440685756801800180080411997,426513.7485151233371545115957063401913559314243198199819919588003,80.098575004841743954930073552278556094926172354038187272346572582,0.015135434347962597873246076703920853397794983009555249430351834510,0.0000060831599076580070579994678095017905224661569383774563727803567991,,1716617.9549628350846863644042936598086440685756801800180080411997,0.015135434347962597873246076703920853397794983009555249430351834510,0.0000060831599076580070579994678095017905224661569383774563727803567991,7,43,426513.74851512333715451159570634019135593142431981998199195880029,25981.758357873806041881908062121932611476620163601829407925888510
94,0x267eafdb83b0cf9ef3e5a1eda83accfc85a021c8,2001329884834925633354358,2001329.884834925633354358,20,True,delegated_EOA,delegated_EOA,1608453.8541906005373234910269014957950522393595355666915266407834,392876.0306443250960308669730985042049477606404644333084733592166,80.369251784958458794280810468633339761554002094835631744719082704,0.0097352893161501452941830226140474509769756385560310530509821880215,0.0000039131363337406849122060495415885492582659516818401856323312497124,,6406212.8318981261034524777623547654897071428496501223389671006714,0.011279890683967693901552337231596525712137834289092483852721927587,0.0000045237579569646164563065717848759187221928111636811726160442778554,19,20,1470290.2469101828431699522376452345102928571503498776610328993286,15658.763622222277015746505708697655402703803666565446972438592885
95,0x046c62fe7ab523a826c25d632d23300a7e18d59d,2000000476118894715361945,2000000.476118894715361945,1,True,EOA,EOA,2000000.4761188947153619450000000000000000000000,0,100.0000000000000000000000000000000000000000,0.014392109695005885925056120473831509336393185906388758247238908611,0.0000057687968250238036912707612067529959421494079357984777447827533091,0.014392109695005885925056120473831509336393185906388758247238908611,2780283.476118894715361945,0.014392109695005885925056120473831509336393185906388758247238908611,0.0000057687968250238036912707612067529959421494079357984777447827533094,1,1,0,28784.226242367132458559555148317328400471115721405260548569682672
96,0x0ca88bea21995343aecd5112962b463c177ad33f,2000000000000000000000000,2000000,2,True,EOA,EOA,0E-65,2000000.0000000000000000000000000000000000000000,0E-65,,,,0E-65,,,0,2,2000000.0000000000000000000000000000000000000000,0E-65
97,0x34c4059e4008a0b4bd1a15e2c83530d767b24bdd,1962137307586865145772836,1962137.307586865145772836,3,True,delegated_EOA,delegated_EOA,1962137.3075868651457728338564240778777122406674239972892778709318,2.1435759221222877593325760027107221290682E-18,99.999999999999999999999890753011329336328651843322908276535810935,0.00063396261826865773974235831950598822464549214596279552504491252104,2.5570732245642128474052122675955992328005055226736448092329467911E-7,0.00063396261826865773974235762692091846844219279307754574776385555838,2746071.1150984763457728330000000000000000000000046772910726826531,0.00063396261826865773974235831950598822464549214596279552504491252102,2.5570732245642128474052122675955992328005055226736448092329467911E-7,3,3,2.99999999999999999999999532270892731734686E-18,1243.9217049203836643475410753590690099520540716585441987910722082
98,0xf01bb1267ba5787122c7c1b5231d168c3117abc0,1916977542019696676935281,1916977.542019696676935281,3,True,delegated_EOA,delegated_EOA,1909070.1678412067405035610216089106753905686396631853301767219148,7907.3741784899364317199783910893246094313603368146698232780852,99.587508251653336830554092957603460617578588330992041120589059470,0.0079006554174248932747393297226894515228581188959337981100976687049,0.0000031591246805452665567109048525516543214891382628362789282657524212,,10006537.615000755734893735021608910675390568639663185330176721915,0.0017290635862458610525504007711256601238084096778012072216365756561,6.9227015129514230175516736366632086961181757622446757988244233061E-7,3,3,7907.37417848993643171997839108932460943136033681466982327808524,15082.905563798880305497584855032664688185968054466554265892773916
99,0xd8b7f8ee88f4a19933e21724a3227b04cc31e9fe,1898542460995861494550060,1898542.46099586149455006,79,True,delegated_EOA,delegated_EOA,3438.4366244132258395906532041071007844581738688813047168616020285,1895104.024371448268710469346795892899215541826131118695283138398,0.18110928225485292725866074321220209375958045328914198788424422421,0.0019048540256646305381085070058738889253223778371920467506923349879,7.7827465313595709935031862997277227212949322285539497205647281399E-7,,5197.522357966999005429000000000000000000000192399364760240896763,0.0019048540256646305381085070058738889253223778371920467506923349879,7.7827465313595709935031862997277227212949322285539497205647281399E-7,1,79,2863795.2183573765955446309999999999999999999998076006352397591032,6.5497198460062364877140207953073957039131067944967049696169222915
100,0x12a5682498fd0efe975436b1dfe566e670a21371,1875958397625294150893564,1875958.397625294150893564,3,True,delegated_EOA,delegated_EOA,1875688.2643991153378546800904325876909485499357302785510375707569,270.1332261788130388839095674123090514500642697214489624292431,99.985600254967233568375853777017519664397084534579639681546540098,0.0026028352787057227838051636208900730545048357790510042034408243427,0.0000010533734069808045257606536215560219956076945732862684036231333928,,1875688.2643991153378546800904325876909485499357302785510375707569,0.0026028352787057227838051636208900730545048357790510042034408243427,0.0000010533734069808045257606536215560219956076945732862684036231333928,3,3,270.13322617881303888390956741230905145006426972144896242924308,4882.1075864323248168614696303755680188414163802430962076869560033
101,0x00532b2e10626ed952d6664b9c6848646b227b57,1833739665156240738771618,1833739.665156240738771618,3,True,EOA,EOA,1531070.5720692777373676902301614405408384922175855563278319827553,302669.0930869630014039277698385594591615077824144436721680172447,83.494434960527802912098402640086158740157625747311439361457880590,0.0093107368780990014166432920567380968867733772909034904266692802044,0.0000035913286196796902602497637794416009667591330206025660034971501852,,1531070.5720692777373676902301614405408384922175855563278319827553,0.0093107368780990014166432920567380968867733772909034904266692802044,0.0000035913286196796902602497637794416009667591330206025660034971501852,3,3,302669.09308696300140392776983855945916150778241444367216801724473,14255.395238337559155749466155058730055405520215893535585072384642
102,0x68ccd83694d6b664a62982310fcefc9f792f39d6,1799648331930728310764546,1799648.331930728310764546,39,True,delegated_EOA,delegated_EOA,1796288.3778087551824512300000000000000000000000,3359.9541219731283133160000000000000000000000,99.813299406202963714999190726186732127500736025523741134765064177,0.0037576522677429643073962125487485767935800477067248605699862677668,0.0000015117690677000506338120784220961439280327404521101808972227486000,,1796288.3778087551824512300000000000000000000000,0.0037576522677429643073962125487485767935800477067248605699862677668,0.0000015117690677000506338120784220961439280327404521101808972227486000,5,38,3359.9541219731283133160000000000000000000000000,6749.8270963933995542884109955600000000000000000000000000000000000
103,0x0a7eaee9d588c0af4eac758c3bd6b1e69e4d8f3b,1706569770597096570024257,1706569.770597096570024257,3,True,delegated_EOA,delegated_EOA,1698062.6486578271555234810535712113716145563480353831645606372745,8507.1219392694145007759464287886283854436519646168354393627255,99.501507521940170485238831897983340164816557209163346181202756010,0.0079105266023403730023604923283016632414419609035566246747888355054,0.0000031890225444442837509443439404249495169420589546358086396033961907,,1698062.6486578271555234810535712113716145563480353831645606372745,0.0079105266023403730023604923283016632414419609035566246747888355054,0.0000031890225444442837509443439404249495169420589546358086396033961907,3,3,8507.12193926941450077594642878862838544365196461683543936272554,13432.569754648295991206362567457452053697931202810224736207926565
104,0xdcbf9960904c9b2fe0abcb868544af2cef1777e1,1700000000000000000000000,1700000,1,True,EOA,EOA,1696940.5001551182822552776220263750032583536929875130168585842364,3059.4998448817177447223779736249967416463070124869831414157636,99.820029420889310720898683648610294309314923116912530403446131553,0.0047272077166052926800031229530458459816184297105610852761065934170,0.0000019222652708575558547474662466249248728185928754805928135577305693,,2880183.6577480726304940774225225123103931845931278907185636111943,0.0047272077166052926800031229530458459816184297105610852761065934170,0.0000019222652708575558547474662466249248728185928754805928135577305693,1,1,5192.8287723143999239725774774876896068154068721092814363888057,8021.7902269533200039145456828520837369753907135418055764421682554
105,0x34eebc51187ba6d556f2e5a939c294c0da3a358f,1627679957847867816540244,1627679.957847867816540244,1,True,EOA,EOA,1615819.7440096468056868902434911996128195043404671837534223474984,11860.2138382210108533537565088003871804956595328162465776525016,99.271342392523977150208748325597181500156126725600192909428654015,0.00030721104841193005189128441511546810462276621420373904338165041841,1.2503676752014223145923207234721923290805003359017535775799615502E-7,,1615819.7440096468056868902434911996128195043404671837534223474984,0.00030721104841193005189128441511546810462276621420373904338165041841,1.2503676752014223145923207234721923290805003359017535775799615502E-7,1,1,11860.2138382210108533537565088003871804956595328162465776525016,496.39767760190002828177762019415785068030230084951653546943392634
106,0xa122c3ef0ced83be89922d99e8dde8f4e272eaca,1568828164055006209053351,1568828.164055006209053351,27,True,EOA,EOA,1566354.4107774744484743029914998584711264171356618473435866636535,2473.7532775317605790480085001415288735828643381526564133363465,99.842318404640457110568173141937822225852246012157349157476483501,0.00030779998252374447260466705147929979579069920761805603837561023803,1.2440807609281350224872791610097914310544299570988488657488781341E-7,,3978841.3706414830939000700000000000000000000000,0.00030779998252374447260466705147929979579069920761805603837561023803,1.2440807609281350224872791610097914310544299570988488657488781342E-7,1,27,2568.8490128105142511600000000000000000000000000,482.12386026329670603049275589227905747468530148900583534752054646
107,0x008808d79cc6b3893231d8a25208ffe1718a40e5,1560999607503101342851957,1560999.607503101342851957,4,True,delegated_EOA,delegated_EOA,1366582.7899786118611599340000000000000000000000,194416.8175244894816920230000000000000000000000,87.545364099388268377141016819219264129656047733947952093574965829,0.0095566580117514272728605836160785255612242311053577763539234089051,0.0000039388367345073677979992677682491749362073542934956435988807854222,,23359734.689211307517802180021523628638047701804569482531339330652,0.0015791044497384043609311630387577943098309185791435745131706460343,6.4351188470363455534908331477363099048013739746666391693937410739E-7,4,4,267609.2367018869236002689784763713619522981954305174686606693476,13059.964368570719140625539021580000000000000000000000000000000000
108,0x1045162ce57c1075c1bc545e9a9affdb39287cb6,1558413795808906786882503,1558413.795808906786882503,15,True,delegated_EOA,delegated_EOA,1344196.9022668727809847415299098340968687580116511873139254549193,214216.8935420340058977614700901659031312419883488126860745450807,86.254171124631050688841778099422589348865299450878857177124665618,0.0091071320120919898997919382728215229221184849267879409694641981656,0.0000036869515069978550503634033959706771004646309097599222348665750205,,2111032.2236533393933868145299098340968687580116617435790810380089,0.0077019399542886289782159835776216125636439453473776173816291696884,0.0000031209813117738277708734161076602416920481673859428457592466648616,14,15,229251.45460063768644853747009016590313124198833825642091896199108,12241.778639189525009177767941869609751149873656221658923782562635
109,0x862f187ea8714596e5b85efb170d30cbfb632c6a,1537783753989039872476099,1537783.753989039872476099,4,True,EOA,EOA,2.0483858262804499741699086195898526160090235765377764149986875075E-63,1537783.7539890398724760990000000000000000000000,1.3320376294566116715883759236346385664915947938891627918679160137E-67,0.00014435760181913044078790290657669963881189412738278057280371772590,5.7343428219096862371278300580515999659691578194223660516936210700E-8,,13001263.455595970998046357000000000000000000000,0.00014435760181913044078790290657669963881189412738278057280371772591,5.7343428219096862371278300580515999659691578194223660516936210698E-8,1,4,12809047.332828747808999058000000000000000000000,2.9570006548214369625647767176987968171450017942946675989161070844E-67
